ID,类型,SKU,名称,已发布,是推荐产品？,在列表页可见,简短描述,描述,促销开始日期,促销截止日期,税状态,税类,有货？,库存,库存不足,允许缺货下单？,单独出售？,重量(kg),长度(cm),"宽度 (cm)","高度 (cm)",允许顾客评价？,购物备注,促销价格,常规售价,分类,标签,运费类,图片,下载限制,下载的过期天数,父级,分组产品,交叉销售,交叉销售,外部链接,按钮文本,位置,"属性 1 名称","属性 1 值","属性 1 可见","属性 1 的全局",元数据：_wp_page_template,元数据：_elementor_template_type,元数据：_elementor_version,元数据：_elementor_pro_version,元数据：_wp_old_date
244,simple,HK2222001,"索拉菲尼（多吉美 ） | Sorafenib 印度贝塔制药",1,0,visible,"<table border=""3"">\n<tbody>\n<tr align=""center"" bgcolor=""Snow"">\n<th style=""text-align: left;"" width=""80px"">品名</th>\n<th style=""text-align: left;"">甲苯磺酸索拉菲尼片|多吉美</th>\n</tr>\n<tr align=""center"" bgcolor=""Snow"">\n<td width=""80px"">适应症</td>\n<td style=""text-align: left;"">肾细胞癌、肝细胞癌</td>\n</tr>\n<tr align=""center"" bgcolor=""Snow"">\n<td width=""80px"">生产企业</td>\n<td> 贝塔药业 Beta Drugs Limited</td>\n</tr>\n<tr align=""center"" bgcolor=""Snow"">\n<td style=""text-align: left;"" width=""80px"">规格</td>\n<td style=""text-align: left;"">（200mg）（120片）138.46 美元</td>\n</tr>\n</tbody>\n</table>\n<span style=""color: red;"">风险提示：本品必须在有此类药物使用经验的医生指导下使用!</span>\n\n<span style=""color: red;"">购药提示：请根据处方或医嘱购买合理疗程的药品，如因过量购买而被海关罚没，本站不承担赔偿责任，概不退款。</span>","<strong>【适应症】</strong>\n\n1.治疗不能手术的晚期肾细胞癌。\n\n2.治疗无法手术或远处转移的肝细胞癌。\n\n<strong>【用药禁忌】</strong>\n\n对甲苯磺酸索拉菲尼片或药物的非活性成分有严重过敏症状的患者禁用。\n\n<strong>【不良反应】</strong>\n\n手足综合征、疲乏、腹泻、皮疹、高血压、脱发、瘙痒、恶心、厌食、白细胞减少。\n\n<strong>【参考用法】</strong>\n\n肝癌：口服，400mg 每天两次，直至疾病进展或不可接受的毒性。\n\n晚期肾癌：口服，400mg 每天两次，直至疾病进展或不可接受的毒性。\n\n甲状腺癌分化型：口服，400mg 每天两次，直至疾病进展或不可接受的毒性。\n\n<strong>【注意事项】</strong>\n\n对疑似不良反应的处理包括暂停或减少甲苯磺酸索拉菲尼用量，如必需，甲苯磺酸索拉菲尼的用量减为每日一次或隔日一次，每次0.4g（2×0.2g）",,,taxable,,1,,,0,0,,,,,0,,,138.46,"肿瘤药物 > 甲状腺癌, 肿瘤药物 > 肝癌, 肿瘤药物 > 肾癌, 肿瘤药物","甲状腺, 肝, 肾",,"https://idmac.org/wp-content/uploads/2015/08/索拉非尼-_-多吉美更改1.jpg, https://idmac.org/wp-content/uploads/2015/08/索拉非尼-_-多吉美更改2.jpg, https://idmac.org/wp-content/uploads/2015/08/索拉非尼-_-多吉美更改3.jpg, https://idmac.org/wp-content/uploads/2015/08/索拉非尼-_-多吉美更改4.jpg, https://idmac.org/wp-content/uploads/2015/08/索拉非尼-_-多吉美更改5jpg.jpg, https://idmac.org/wp-content/uploads/2015/08/索拉非尼-_-多吉美更改6.jpg, https://idmac.org/wp-content/uploads/2015/08/索拉非尼-_-多吉美更改7.jpg, https://idmac.org/wp-content/uploads/2015/08/索拉非尼-_-多吉美更改8.jpg, https://idmac.org/wp-content/uploads/2015/08/索拉非尼-_-多吉美更改9.jpg",,,,,,,,,1,规格,"200mg30片, 200mg60片, 200mg120片",1,0,default,,,,
245,simple,HK2222007,"卡培他滨（希罗达） | Capecitabine 印度贝塔制药",1,1,visible,"<table border=""3"">\n<tbody>\n<tr align=""center"" bgcolor=""Snow"">\n<th style=""text-align: left;"" width=""80px"">品名</th>\n<th style=""text-align: left;"">卡培他滨片 | 希罗达</th>\n</tr>\n<tr align=""center"" bgcolor=""Snow"">\n<td width=""80px"">适应症</td>\n<td style=""text-align: left;"">乳腺癌，直肠癌、结肠癌和胃癌</td>\n</tr>\n<tr align=""center"" bgcolor=""Snow"">\n<td width=""80px"">生产企业</td>\n<td>贝塔药业 Beta Drugs Limited</td>\n</tr>\n<tr align=""center"" bgcolor=""Snow"">\n<td width=""80px"">规格</td>\n<td>（500mg）（10片）</td>\n</tr>\n<tr align=""center"" bgcolor=""Snow"">\n<td style=""text-align: left;"" width=""80px"">渠道专价</td>\n<td style=""text-align: left;""> 15  美元</td>\n</tr>\n</tbody>\n</table>\n<span style=""color: red;"">风险提示：本品必须在有此类药物使用经验的医生指导下使用!</span>\n\n<span style=""color: red;"">购药提示：请根据处方或医嘱购买合理疗程的药品，如因过量购买而被海关罚没，本站不承担赔偿责任，概不退款。</span>","<strong>【适应症】</strong>\n\n卡培他滨主要用于晚期原发性或转移性乳腺癌，直肠癌、结肠癌和胃癌的治疗。\n\n结肠癌辅助化疗：卡培他滨适用于Dukes'C期、原发肿瘤根治术后、适于接受氟嘧啶类药物单独治疗的结肠癌患者的单药辅助治疗。其治疗的无病生存期（DFS）和总生存期（OS）都不亚于5-氟尿嘧啶和甲酰四氢叶酸联合方案（5-FU/LV）。已有试验数据表明卡培他滨和奥沙利铂联合化疗可较5-FULV改善无病生存期和总生存期。\n\n<strong>【用药禁忌】</strong>\n\n有卡培他滨严重副反应或对氟脲嘧啶（卡培他滨的代谢产物）有过敏史者禁用。\n\n<strong>【不良反应】</strong>\n\n厌食、脱水、神经系统、感觉异常、味觉异常、头痛、头昏：眼泪增多、结膜炎；胃肠道：腹泻、呕吐、口腔炎、腹痛；皮肤：手足综合征、皮炎、皮疹、脱发；昏睡、无力。\n\n<strong>【参考用法】</strong>\n\n推荐剂量1250mg/m²，每日二次餐后30分钟温水吞服，2周停1周，3周一疗程；\n\n肾损害：中度：950mg/m²；与顺铂联用：1000mg/m²。",,,taxable,,1,,,0,0,,,,,0,,,15,"肿瘤药物 > 结肠癌, 肿瘤药物",肿瘤,,https://idmac.org/wp-content/uploads/2015/08/卡培他滨-_-希罗达.jpg,,,,,,,,,7,规格,（500mg）（10片）,1,0,default,,,,
248,variable,YD2222013,"替莫唑胺 | Temozolomide 印度贝塔制药",1,1,visible,"<table border=""3"">\n<tbody>\n<tr align=""center"" bgcolor=""Snow"">\n<th style=""text-align: left;"" width=""80px"">品名</th>\n<th style=""text-align: left;"">替莫唑胺胶囊</th>\n</tr>\n<tr align=""center"" bgcolor=""Snow"">\n<td width=""80px"">适应症</td>\n<td style=""text-align: left;"">胶质瘤</td>\n</tr>\n<tr align=""center"" bgcolor=""Snow"">\n<td width=""80px"">生产企业</td>\n<td>贝塔药业 Beta Drugs Limited</td>\n</tr>\n<tr align=""center"" bgcolor=""Snow"">\n<td width=""80px"">规格1</td>\n<td>（20mg）（5粒）  18.46  美元</td>\n</tr>\n<tr align=""center"" bgcolor=""Snow"">\n<td style=""text-align: left;"" width=""80px"">规格2</td>\n<td style=""text-align: left;"">（100mg）（5粒）36.92  美元</td>\n</tr>\n<tr align=""center"" bgcolor=""Snow"">\n<td style=""text-align: left;"" width=""80px"">规格3</td>\n<td style=""text-align: left;"">（250mg）（5粒）80.00  美元</td>\n</tr>\n</tbody>\n</table>\n<span style=""color: red;"">风险提示：本品必须在有此类药物使用经验的医生指导下使用!</span>\n\n<span style=""color: red;"">购药提示：请根据处方或医嘱购买合理疗程的药品，如因过量购买而被海关罚没，本站不承担赔偿责任，概不退款。</span>","<div class=""para""><strong>【适应症】</strong></div>\n<div class=""para"">1.新诊断的多形性胶质母细胞瘤，开始先与放疗联合治疗，随后作为辅助治疗。</div>\n<div class=""para"">2.常规治疗后复发或进展的多形性胶质母细胞瘤或间变性星形细胞瘤。</div>\n<div></div>\n<div><strong>【用药禁忌】</strong></div>\n<div>1.对本品及辅料过敏者禁用。\n2.由于替莫唑胺与达卡巴嗪均代谢为MTIC，对达卡巴嗪过敏者禁用。\n3.对本药或达卡巴嗪过敏、妊娠期、严重骨髓抑制的患者禁用。</div>\n<div></div>\n<div><strong>【不良反应】</strong></div>\n<div>恶心、呕吐、便秘、腹泻、皮疹、头痛、嗜睡等。</div>\n<div><strong>【参考用法】</strong></div>\n<div>1.口服，本品剂量必须根据上一治疗周期的中性白细胞和血小板计数谷值和下1周期开始时中性白细胞和血小板计数调整。以150mg/(m2·d)为起始剂量，连续给药5天，28天为1治疗周期。</div>\n<div>\n\n2.若在第29天即下一周期给药的第1天，绝对中性白细胞计数(ANC)谷值≥1.5×109/L(1500/μL)，血小板计数≥100×109/L(10万/μL)，应将本品下1周期的剂量增至200mg/(m2·d)。\n3.在治疗第22天(第一次给药21天后)或该天的48h内患者必须进行完整的血液计数，并且每周一次，直至ANC＞1.5×109/L(1500/μL)，血小板计数＞100×109/L(10万/μL)，再开始下一周期治疗。\n4.如果在任一周期中，ANC低于1.0×109/L(1000/μL)或血小板计数＜50×109/L(5万/μL)，下一周期的剂量应减少50mg/m2，但不得低于最低建议剂量100mg/m2。\n\n</div>\n<div></div>",,,taxable,,1,,,0,0,,,,,0,,,,"肿瘤药物, 肿瘤药物 > 胶质瘤",肿瘤,,"https://idmac.org/wp-content/uploads/2015/08/替莫唑胺更改1.jpg, https://idmac.org/wp-content/uploads/2015/08/替莫唑胺更改1.jpg, https://idmac.org/wp-content/uploads/2015/08/替莫唑胺更改2.jpg, https://idmac.org/wp-content/uploads/2015/08/替莫唑胺更改3.jpg, https://idmac.org/wp-content/uploads/2015/08/替莫唑胺更改4.jpg, https://idmac.org/wp-content/uploads/2015/08/替莫唑胺更改5.jpg, https://idmac.org/wp-content/uploads/2015/08/替莫唑胺更改6-1.jpg",,,,,,,,,4,规格,"（20mg）（5粒）, （100mg）（5粒）, （250mg）（5粒）",1,0,default,,,,
249,simple,HK2222004,"仑伐替尼/乐伐替尼 | Lenvatinib 印度贝塔制药",1,1,visible,"<table border=""3"">\n<tbody>\n<tr align=""center"" bgcolor=""Snow"">\n<th style=""text-align: left;"" width=""80px"">品名</th>\n<th style=""text-align: left;"">甲磺酸仑伐替尼胶囊</th>\n</tr>\n<tr align=""center"" bgcolor=""Snow"">\n<td width=""80px"">适应症</td>\n<td style=""text-align: left;"">肾细胞癌、肝细胞癌、分化型甲状腺癌</td>\n</tr>\n<tr align=""center"" bgcolor=""Snow"">\n<td width=""80px"">生产企业</td>\n<td>贝塔药业 Beta Drugs Limited</td>\n</tr>\n<tr align=""center"" bgcolor=""Snow"">\n<td width=""80px"">规格</td>\n<td>（4mg）（30粒）</td>\n</tr>\n<tr align=""center"" bgcolor=""Snow"">\n<td style=""text-align: left;"" width=""80px"">渠道专价</td>\n<td style=""text-align: left;"">  92.31  美元</td>\n</tr>\n</tbody>\n</table>\n<span style=""color: red;"">风险提示：本品必须在有此类药物使用经验的医生指导下使用!</span>\n\n<span style=""color: red;"">购药提示：请根据处方或医嘱购买合理疗程的药品，如因过量购买而被海关罚没，本站不承担赔偿责任，概不退款。</span>","<strong>【适应症】</strong>\n\n肝细胞癌、肾细胞癌、分化型甲状腺癌。\n\n<strong>【用药禁忌】</strong>\n\n对本品任何成分过敏者、哺乳期妇女。\n\n<strong>【不良反应】</strong>\n\n高血压、疲乏、腹泻、关节痛、食欲减退、恶心、口炎、头痛、呕吐、蛋白尿、掌跖综合征、腹痛、发音困难、胰腺炎、胆囊炎。\n\n<strong>【参考用法】</strong>\n\n1、肝癌患者按自身体重用药：＜60kg的患者，一日口服8mg；≥60kg者，一日口服12mg。\n\n2、肾细胞癌患者：每日18mg乐伐替尼＋5mg依维莫司。\n\n3、分化型甲状腺癌患者：每日24mg乐伐替尼。\n\n仑伐替尼必须每天在同一时间服用。如果你忘记服药，并且在12小时内没有口服，你应该跳过这个剂量，在预定的时间服用下一个剂量。\n\n仑伐替尼胶囊应完整吞下或溶解在一小杯液体中后服用。一汤匙水或苹果汁可以在玻璃杯中中测量，然后放入胶囊(胶囊不需要打开或压碎)。将胶囊置于液体中中至少10分钟，搅拌至少3分钟，然后饮用液体。饮用后，在玻璃杯中中加入相同量(1汤匙)的水或苹果汁，充分混合，然后饮用剩余的液体。",,,taxable,,1,,,0,0,,,,,0,,,92.31,"肿瘤药物 > 甲状腺癌, 肿瘤药物 > 肝癌, 肿瘤药物 > 肾癌, 肿瘤药物","甲状腺, 肝, 肾, 肿瘤",,"https://idmac.org/wp-content/uploads/2015/08/仑伐替尼-乐伐替尼更改1.jpg, https://idmac.org/wp-content/uploads/2015/08/仑伐替尼-乐伐替尼更改2.jpg",,,,,,,,,3,规格,（4mg）（30粒）,1,0,default,,,,
250,simple,HK1111001,"奥希替尼/奥西替尼（泰瑞沙） | Osimertinib 孟加拉珠峰制药",1,1,visible,"<table border=""3"">\n<tbody>\n<tr align=""center"" bgcolor=""Snow"">\n<th style=""text-align: left;"" width=""80px"">品名</th>\n<th style=""text-align: left;"">奥西替尼|泰瑞沙</th>\n</tr>\n<tr align=""center"" bgcolor=""Snow"">\n<td width=""80px"">适应症</td>\n<td style=""text-align: left;"">非小细胞肺癌</td>\n</tr>\n<tr align=""center"" bgcolor=""Snow"">\n<td width=""80px"">生产企业</td>\n<td>孟加拉珠峰制药 Everest Pharmaceuticals Led.</td>\n</tr>\n<tr align=""center"" bgcolor=""Snow"">\n<td width=""80px"">规格</td>\n<td>（80mg）（30片）</td>\n</tr>\n<tr align=""center"" bgcolor=""Snow"">\n<td style=""text-align: left;"" width=""80px"">渠道专价</td>\n<td style=""text-align: left;""> 200 美元</td>\n</tr>\n</tbody>\n</table>\n<span style=""color: red;"">风险提示：本品必须在有此类药物使用经验的医生指导下使用!</span>\n\n<span style=""color: red;"">购药提示：请根据处方或医嘱购买合理疗程的药品，如因过量购买而被海关罚没，本站不承担赔偿责任，概不退款。</span>","<strong>【适应症】</strong>\n\n奥希替尼（三代）Osimertinib（泰瑞沙）奥西替尼是第三代表皮生长因子受体酪氨酸激酶抑制剂(EGFR-TKI)，用于治疗EGFR T790M突变阳性的局部晚期或转移性非小细胞肺癌，有非常厉害的疗效和更容易被接受的副反应。\n\n<strong>【用药禁忌】</strong>\n\n1、在服用奥希替尼之前最好确认T790M突变的状态，或者是EGFR的突变状态。\n\n2、在服用奥希替尼期间以及停止用药后的一个月内避免怀孕，同样哺乳期女性也要禁服奥希替尼。\n\n3、在服药之前，如果自己还有服用其他处方药或者非处方药，一定要告诉自己的主治医师。\n\n4、如果服药奥希替尼出现严重副作用，可以在医生同意的情况下调整奥希替尼的服用剂量或停药。\n\n<strong>【不良反应】</strong>\n\n腹泻、皮疹、干皮肤、指甲毒性、偶见角膜炎症状。\n\n<strong>【参考用法】</strong>\n\n80mg每日一次口服，无症状性左心功能障碍持续4周以上，永久停服。",,,taxable,,1,,,0,0,,,,,0,,,200,肺癌药物,肺,,https://idmac.org/wp-content/uploads/2015/08/Osimertinib-825x1024-80mg-1.jpg,,,,,,,,,2,规格,（80mg）（30片）,1,0,default,,,,
251,variable,HK2222005,"伊马替尼 （格列卫）| Imatinib  印度贝塔制药",1,1,visible,"<table border=""3"">\n<tbody>\n<tr align=""center"" bgcolor=""Snow"">\n<th style=""text-align: left;"" width=""80px"">品名</th>\n<th style=""text-align: left;"">甲磺酸伊马替尼片|格列卫</th>\n</tr>\n<tr align=""center"" bgcolor=""Snow"">\n<td width=""80px"">适应症</td>\n<td style=""text-align: left;"">慢性骨髓性白血病、胃肠道间质瘤</td>\n</tr>\n<tr align=""center"" bgcolor=""Snow"">\n<td width=""80px"">生产企业</td>\n<td>贝塔药业 Beta Drugs Limited</td>\n</tr>\n<tr align=""center"" bgcolor=""Snow"">\n<td width=""80px"">规格1</td>\n<td>（100mg）（10片）15.38 美元</td>\n</tr>\n<tr align=""center"" bgcolor=""Snow"">\n<td style=""text-align: left;"" width=""80px"">规格2</td>\n<td style=""text-align: left;"">（400mg）（10片）30.77 美元</td>\n</tr>\n</tbody>\n</table>\n<span style=""color: red;"">风险提示：本品必须在有此类药物使用经验的医生指导下使用!</span>\n\n<span style=""color: red;"">购药提示：请根据处方或医嘱购买合理疗程的药品，如因过量购买而被海关罚没，本站不承担赔偿责任，概不退款。</span>","【适应症】\n\n费城染色体阳性的慢性骨髓性白血病、胃肠道间质瘤。\n\n【用药禁忌】\n\n对本药活性物质或任何赋形剂成份过敏者禁用。\n\n【不良反应】\n\n液体潴留、胃肠道反应、骨痛、头痛、皮疹、发热等，血小板中性粒细胞减少。\n\n【参考用法】\n\n本品应口服，每次400mg，早餐同服，每日1次，并饮水一大杯减轻胃肠道刺激，至少连服4个月；服要3个月无效加量至600mg，进展时可800mg，无效停药；CML加速期急变期600mg宜在进餐时服药，并饮一大杯水。\n\n通常成人每日一次，儿童和青少年每日一次或分两次服用（早晨和晚上）。\n\n不能吞咽片剂的病人（儿童），可以将片剂分散于水或苹果汁中。\n\n建议怀孕期和哺乳期妇女在打开胶囊时，避免药物与皮肤或眼睛接触，或者吸入（见孕妇和哺乳期妇女），接触打开的胶囊后应立即洗手。\n\n【注意事项】\n\n大约有1-2%服用伊马替尼的患者发生严重水潴留（胸水、浮肿、肺水肿和腹水），因此建议定期监测体重，如用药过程中体重出乎意料地快速增加，应作详细检查，必要时采取适当支持治疗和处理措施。\n\n水潴留可以加重或导致心衰，尚无严重心衰者（按纽约心脏学会分类法的III-IV级）临床应用甲磺酸伊马替尼的经验。对这些患者用本药要谨慎。肝功能衰竭患者甲磺酸伊马替尼的量可能会增加，有肝功损害者慎用本药。",,,taxable,,1,,,0,0,,,,,0,,,,"肿瘤药物 > 白血病, 肿瘤药物",,,"https://idmac.org/wp-content/uploads/2015/08/伊马替尼-格列卫更改1-1.jpg, https://idmac.org/wp-content/uploads/2015/08/伊马替尼-格列卫更改2-1.jpg",,,,,,,,,1,规格,"100mg10片, 400mg10片",1,0,default,,,,
252,variable,YD2222012,"来那度胺 | Lenalidomide 印度贝塔制药",1,1,visible,"<table border=""3"">\n<tbody>\n<tr align=""center"" bgcolor=""Snow"">\n<th style=""text-align: left;"" width=""80px"">品名</th>\n<th style=""text-align: left;"">来那度胺胶囊</th>\n</tr>\n<tr align=""center"" bgcolor=""Snow"">\n<td width=""80px"">适应症</td>\n<td style=""text-align: left;"">多发性骨髓细胞癌</td>\n</tr>\n<tr align=""center"" bgcolor=""Snow"">\n<td width=""80px"">生产企业</td>\n<td>贝塔药业 Beta Drugs Limited</td>\n</tr>\n<tr align=""center"" bgcolor=""Snow"">\n<td style=""text-align: left;"" width=""80px"">规格一</td>\n<td style=""text-align: left;"">（10mg）（10粒）32.31 美元</td>\n</tr>\n<tr align=""center"" bgcolor=""Snow"">\n<td style=""text-align: left;"" width=""80px"">规格二</td>\n<td style=""text-align: left;"">（25mg）（10粒）64.62 美元</td>\n</tr>\n</tbody>\n</table>\n<span style=""color: red;"">风险提示：本品必须在有此类药物使用经验的医生指导下使用!</span>\n\n<span style=""color: red;"">购药提示：请根据处方或医嘱购买合理疗程的药品，如因过量购买而被海关罚没，本站不承担赔偿责任，概不退款。</span>","<div><strong>【适应症】</strong></div>\n<div>1.多发性骨髓瘤：合用地塞米松治疗已经接受过至少一种疗法的多发性骨髓瘤患者。</div>\n<div>2.骨髓异常综合症：用于具有５q缺失细胞遗传学异常的骨髓增生异常综合征所致的输血依赖性再生障碍性贫血患者的治疗。</div>\n<div><strong>【用药禁忌】</strong></div>\n<div>1.孕妇。</div>\n<div>2.未达到所有避孕要求的可能怀孕的女性。</div>\n<div>3.对本品活性成分或其中任何辅料过敏者。</div>\n<div><strong>【不良反应】</strong></div>\n<div>粒细胞减少和血小板减少、深静脉血栓及肺栓塞、增加慢性淋巴细胞白血病患者死亡率、出现第二原发肿瘤、肝损害、过敏反应、肿瘤溶解综合征等。注意事项：胚胎毒性、血液毒性、特殊人群（妊娠期哺乳期女性 老年肾功能减退患者）。</div>\n<div><strong>【参考用法】</strong></div>\n<div>1.多发性骨髓瘤:每28天为一个周期，第1－21天，每天服用25mg来那度胺胶囊。前4个周期的第1－4、9－12、17－20天，每天服用40mg的地塞米松，以后每个周期的第1－4天，每天服用40mg地塞米松。</div>\n<div>2.骨髓异常综合症:推荐起始剂量为每天10mg。</div>\n<div>注意事项：尽量每日同一时间服药，整个胶囊温水送服不得打开弄破咀嚼。</div>",,,taxable,,1,,,0,0,,,,,0,,,,"肿瘤药物, 肿瘤药物 > 骨髓癌",,,https://idmac.org/wp-content/uploads/2015/08/来那度胺-雷利度胺更改版-1.jpg,,,,,,,,,0,规格,"（10mg） （10粒）, （25mg）（ 10粒）",1,0,default,,,,
1868,variation,,"伊马替尼 （格列卫）| Imatinib  印度贝塔制药 - 100mg10片",1,0,visible,,10片,,,taxable,parent,1,,,0,0,,,,,0,,,15.38,,,,,,,HK2222005,,,,,,1,规格,100mg10片,,0,,,,,
1869,variation,,"伊马替尼 （格列卫）| Imatinib  印度贝塔制药 - 400mg10片",1,0,visible,,10片,,,taxable,parent,1,,,0,0,,,,,0,,,30.77,,,,,,,HK2222005,,,,,,2,规格,400mg10片,,0,,,,,
2007,variable,HK2222002,"厄洛替尼 （特罗凯） | Erlotinib 印度贝塔制药",1,1,visible,"<table border=""3"">\n<tbody>\n<tr align=""center"" bgcolor=""Snow"">\n<th style=""text-align: left;"" width=""80px"">品名</th>\n<th style=""text-align: left;"">盐酸厄洛替尼片|特罗凯</th>\n</tr>\n<tr align=""center"" bgcolor=""Snow"">\n<td width=""80px"">适应症</td>\n<td style=""text-align: left;"">非小细胞肺癌</td>\n</tr>\n<tr align=""center"" bgcolor=""Snow"">\n<td width=""80px"">生产企业</td>\n<td>贝塔药业 Beta Drugs Limited</td>\n</tr>\n<tr align=""center"" bgcolor=""Snow"">\n<td width=""80px"">规格1</td>\n<td>（100mg）（10片）  27.69   美元</td>\n</tr>\n<tr align=""center"" bgcolor=""Snow"">\n<td width=""80px"">规格2</td>\n<td>（150mg）（10片）  49.23   美元</td>\n</tr>\n<tr align=""center"" bgcolor=""Snow"">\n<td width=""80px"">规格3</td>\n<td>（150mg）（30片）  126.15 美元</td>\n</tr>\n</tbody>\n</table>\n<span style=""color: red;"">风险提示：本品必须在有此类药物使用经验的医生指导下使用!</span>\n\n<span style=""color: red;"">购药提示：请根据处方或医嘱购买合理疗程的药品，如因过量购买而被海关罚没，本站不承担赔偿责任，概不退款。</span>","<strong>【药品简介】</strong>\n\n盐酸厄洛替尼Erlotinib是一种分子靶向治疗药物，盐酸厄洛替尼是目前唯一被证实的对晚期非小细胞肺癌具有生存优势的，对各类别非小细胞肺癌患者均有效，且耐受性好，能显著延长生存期，改善患者生活质量。\n\n<strong>【适应症】</strong>\n\n非小细胞肺癌。\n\n<strong>【用药禁忌】</strong>\n\n肝功能异常者慎用。\n\n<strong>【不良反应】</strong>\n\n皮疹、腹泻为最常见，肝功能异常，恶心、呕吐、呼吸困难、有相关间质性肺病（ILD）报道。\n\n<strong>【参考用法】</strong>\n\n每日一次，每次150mg，餐前1小时或餐后2小时口服。\n\n&nbsp;\n\n&nbsp;",,,taxable,,1,,,0,0,,,,,0,,,,肺癌药物,肺,,"https://idmac.org/wp-content/uploads/2021/02/厄洛替尼-埃罗替更改1.jpg, https://idmac.org/wp-content/uploads/2021/02/厄洛替尼-埃罗替更改2.jpg, https://idmac.org/wp-content/uploads/2021/02/厄洛替尼-埃罗替尼更改3.jpg, https://idmac.org/wp-content/uploads/2021/02/厄洛替尼-埃罗替尼更改4.jpg, https://idmac.org/wp-content/uploads/2021/02/厄洛替尼-埃罗替尼更改5.jpg, https://idmac.org/wp-content/uploads/2021/02/厄洛替尼-埃罗替尼更改6.jpg, https://idmac.org/wp-content/uploads/2021/02/厄洛替尼-埃罗替尼更改7.jpg",,,,,,,,,0,规格,"100mg10片, 150mg10片, 150mg30片",1,0,default,,,,
2066,variation,,"厄洛替尼 （特罗凯） | Erlotinib 印度贝塔制药 - 100mg10片",1,0,visible,,10片,,,taxable,parent,1,,,0,0,,,,,0,,,27.69,,,,,,,HK2222002,,,,,,3,规格,100mg10片,,0,,,,,
2067,variation,,"厄洛替尼 （特罗凯） | Erlotinib 印度贝塔制药 - 150mg10片",1,0,visible,,10片,,,taxable,parent,1,,,0,0,,,,,0,,,49.23,,,,,,,HK2222002,,,,,,2,规格,150mg10片,,0,,,,,
2068,variation,,"厄洛替尼 （特罗凯） | Erlotinib 印度贝塔制药 - 150mg30片",1,0,visible,,30片,,,taxable,parent,1,,,0,0,,,,,0,,,126.15,,,,,,,HK2222002,,,,,,1,规格,150mg30片,,0,,,,,
2087,variation,,"替莫唑胺 | Temozolomide 印度贝塔制药 - （20mg）（5粒）",1,0,visible,,5粒,,,taxable,parent,1,,,0,0,,,,,0,,,18.46,,,,,,,YD2222013,,,,,,3,规格,（20mg）（5粒）,,0,,,,,
2088,variation,,"替莫唑胺 | Temozolomide 印度贝塔制药 - （100mg）（5粒）",1,0,visible,,5粒,,,taxable,parent,1,,,0,0,,,,,0,,,36.92,,,,,,,YD2222013,,,,,,2,规格,（100mg）（5粒）,,0,,,,,
2089,variation,,"替莫唑胺 | Temozolomide 印度贝塔制药 - （250mg）（5粒）",1,0,visible,,5粒,,,taxable,parent,1,,,0,0,,,,,0,,,80,,,,,,,YD2222013,,,,,,1,规格,（250mg）（5粒）,,0,,,,,
2103,simple,HK2222003,"吉非替尼（易瑞沙）| Gefitinib 印度贝塔制药",1,1,visible,"<table border=""3"">\n<tbody>\n<tr align=""center"" bgcolor=""Snow"">\n<th style=""text-align: left;"" width=""80px"">品名</th>\n<th style=""text-align: left;"">吉非替尼片|易瑞沙</th>\n</tr>\n<tr align=""center"" bgcolor=""Snow"">\n<td width=""80px"">适应症</td>\n<td style=""text-align: left;"">非小细胞肺癌</td>\n</tr>\n<tr align=""center"" bgcolor=""Snow"">\n<td width=""80px"">生产企业</td>\n<td>贝塔药业 Beta Drugs Limited</td>\n</tr>\n<tr align=""center"" bgcolor=""Snow"">\n<td width=""80px"">规格</td>\n<td>（250mg）（30片）</td>\n</tr>\n<tr align=""center"" bgcolor=""Snow"">\n<td style=""text-align: left;"" width=""80px"">渠道专价</td>\n<td style=""text-align: left;"">  84.62 美元</td>\n</tr>\n</tbody>\n</table>\n<span style=""color: red;"">风险提示：本品必须在有此类药物使用经验的医生指导下使用!</span>\n\n<span style=""color: red;"">购药提示：请根据处方或医嘱购买合理疗程的药品，如因过量购买而被海关罚没，本站不承担赔偿责任，概不退款。</span>","<strong>【适应症】</strong>\n\n本品适用于治疗既往接受过化学治疗的局部晚期或转移性非小细胞肺癌(NSCLC)。\n\n<strong>【用药禁忌】</strong>\n\n已知对该活性物质或该产品任一赋形剂有严重超敏反应者禁用。\n\n<strong>【不良反应】</strong>\n\n消化道反应、皮肤及附件反应、全身症状：乏力脱发外周性水肿、眼部症状、血液淋巴系统：出血、呼吸困难。\n\n<strong>【用法用量】</strong>\n\n250mg，每日一次空腹或与食物同服。（吞咽困难者可放入水中搅拌10分钟，即刻饮下，再用半杯水冲杯饮下）\n\n剂量调整：当患者出现不能耐受的腹泻或皮肤不良反应时，可通过短期暂停治疗(最多14天)解决，随后恢复每天250mg的剂量。",,,taxable,,1,,,0,0,,,,,0,,,84.62,肺癌药物,肺,,https://idmac.org/wp-content/uploads/2021/02/吉非替尼-易瑞沙更改-1-1.jpg,,,,,,,,,0,规格,（250mg）（30片）,1,0,default,,,,
2109,simple,HK2222006,"阿比特龙 | Abiraterone 印度贝塔制药",1,1,visible,"<table border=""3"">\n<tbody>\n<tr align=""center"" bgcolor=""Snow"">\n<th style=""text-align: left;"" width=""80px"">品名</th>\n<th style=""text-align: left;"">醋酸阿比特龙片</th>\n</tr>\n<tr align=""center"" bgcolor=""Snow"">\n<td width=""80px"">适应症</td>\n<td style=""text-align: left;"">前列腺癌(CRPC)</td>\n</tr>\n<tr align=""center"" bgcolor=""Snow"">\n<td width=""80px"">生产企业</td>\n<td>贝塔药业 Beta Drugs Limited</td>\n</tr>\n<tr align=""center"" bgcolor=""Snow"">\n<td width=""80px"">规格</td>\n<td>（250mg）（120片）</td>\n</tr>\n<tr align=""center"" bgcolor=""Snow"">\n<td style=""text-align: left;"" width=""80px"">渠道专价</td>\n<td style=""text-align: left;""> 280  美元</td>\n</tr>\n</tbody>\n</table>\n<span style=""color: red;"">风险提示：本品必须在有此类药物使用经验的医生指导下使用!</span>\n\n<span style=""color: red;"">购药提示：请根据处方或医嘱购买合理疗程的药品，如因过量购买而被海关罚没，本站不承担赔偿责任，概不退款。</span>","<div class=""para-title level-2"">\n\n<strong>【适应症】</strong>\n\n醋酸阿比特龙（abiraterone）与泼尼松联用适用于曾接受既往含多烯紫杉醇化疗转移去势难治性前列腺癌(CRPC)患者的治疗。\n\n<strong>【作用机制】</strong>\n\n前列腺癌细胞的生长需要雄性激素的供给，CYP17A是雄激素生物合成过程中的限速酶，不仅存在于睾丸中，也存在于肾上  腺及前列腺癌细胞中。阿比特龙属于孕烯醇酮类似物，能有效、不可逆地抑制人体内的CYP17酶，因此，能阻断睾丸、肾上腺、前列腺内雄激素的合成，且不会导致肾上腺功能不全。对于前列腺癌患者，醋酸阿比特龙的雄激素去势作用比手术去势或用促性腺激素释放激素GnRH类似物更有效。\n\n<strong>【用药禁忌】</strong>\n\n本品禁用于己知对醋酸阿比特龙或任何辅料过敏的患者。\n\n妊娠期妇女禁用。\n\n有心脑血管疾病史的患者慎用。\n\n<strong>【不良反应】</strong>\n\n关节肿胀不适、低钾血症、水肿、肌肉不是、腹泻、泌尿感染、高血压、心律失常、消化不良、上呼吸道感染。\n\n<strong>【参考用量】</strong>\n\n1000mg每日一次口服，服用前2小时及后1小时禁食。\n\n</div>",,,taxable,,1,,,0,0,,,,,0,,,280,"肿瘤药物 > 前列腺癌, 肿瘤药物",前列腺,,https://idmac.org/wp-content/uploads/2021/02/阿比特龙更改1-1.jpg,,,,,,,,,0,规格,（250mg）（120片）,1,0,default,,,,
2223,simple,,测试产品（请勿购买）,1,0,hidden,"&nbsp;\n\n<span style=""color: red;"">风险提示：本品必须在有此类药物使用经验的医生指导下使用!</span>\n\n<span style=""color: red;"">购药提示：超过一个疗程的药品会遭遇通关困难，请每单只购买一个疗程！</span><span style=""color: red;"">如因超过疗程被海关罚没，本站不承担任何责任，恕不退款！</span>",,,,taxable,,1,,,0,0,,,,,0,,,0.01,其他药物,,,,,,,,,,,,0,,,,,default,,,,
2363,simple,YD1111009,"劳拉替尼/洛拉替尼 | Lorlatinib 孟加拉珠峰制药",1,1,visible,"<table border=""3"">\n<tbody>\n<tr align=""center"" bgcolor=""Snow"">\n<th style=""text-align: left;"" width=""80px"">品名</th>\n<th style=""text-align: left;"">劳拉替尼</th>\n</tr>\n<tr align=""center"" bgcolor=""Snow"">\n<td width=""80px"">适应症</td>\n<td style=""text-align: left;"">ALK阳性肺癌</td>\n</tr>\n<tr align=""center"" bgcolor=""Snow"">\n<td width=""80px"">生产企业</td>\n<td style=""text-align: left;"">孟加拉珠峰制药 Everest Pharmaceuticals Led.</td>\n</tr>\n<tr align=""center"" bgcolor=""Snow"">\n<td width=""80px"">规格</td>\n<td>（100mg）（30片）</td>\n</tr>\n<tr align=""center"" bgcolor=""Snow"">\n<td style=""text-align: left;"" width=""80px"">渠道专价</td>\n<td style=""text-align: left;"">2643.68  美元</td>\n</tr>\n</tbody>\n</table>\n<span style=""color: red;"">风险提示：本品必须在有此类药物使用经验的医生指导下使用!</span>\n\n<span style=""color: red;"">购药提示：请根据处方或医嘱购买合理疗程的药品，如因过量购买而被海关罚没，本站不承担赔偿责任，概不退款。</span>","<strong>【药物简介】</strong>\n\n劳拉替尼（Lorlatinib），是第三代ALK / ROS1突变的肺癌靶向药。携带ALK或者ROS1突变的肺癌患者被称为肺癌中的“幸运儿”，因为针对ALK或ROS1突变的靶向药物不仅疗效好，而且选择多。劳拉替尼（Lorlatinib）是一种新型、可逆、强效小分子ALK和ROS1抑制剂，其对ALK已知的耐药突变均具有很强的抑制作用，因而被誉为第3代ALK抑制剂。\n\n<strong>【适应症】</strong>\n\n劳拉替尼适用于ALK阳性肺癌患者。\n\n<strong>【用药禁忌】</strong>\n\n禁止与强CYP3A诱导剂同时使用。\n\n<strong>【不良反应】</strong>\n\n常见的不良反应（≥20%）包括水肿，周围神经病，认知效应，呼吸困难，疲劳，体重增加，关节痛，情绪影响和腹泻。\n\n<strong>【参考用法】</strong>\n\n建议口服剂量为 100 毫克，每日一次\n\n建议剂量：口服每天一次，每次100mg，每天在同一时间服用。忘记服用时可补服，除非距离下一次服用的时间少于4小时，不可同时服两次分量。\n\n剂量减少调整：第一次剂量减少可调整至每天一次75mg；第二次剂量减少可调整至每天一次50mg。若无法承受每天50mg的剂量，则永久停止。\n\n呕吐的情况下不用补服，照常在下次服用就可以。",,,taxable,,1,,,0,0,,,,,0,,,2643.68,"肺癌药物, 肿瘤药物",肺,,https://idmac.org/wp-content/uploads/2021/03/劳拉替尼0.jpg,,,,,,,,,0,规格,（100mg）（30粒）,1,0,default,product-post,3.1.1,3.0.10,
2426,simple,HK1111002,"阿来替尼/艾乐替尼 | Alecitinib  孟加拉珠峰制药",1,1,visible,"<table border=""3"">\n<tbody>\n<tr align=""center"" bgcolor=""Snow"">\n<th style=""text-align: left;"" width=""80px"">品名</th>\n<th style=""text-align: left;"">盐酸阿来替尼胶囊</th>\n</tr>\n<tr align=""center"" bgcolor=""Snow"">\n<td width=""80px"">适应症</td>\n<td style=""text-align: left;"">非小细胞肺癌</td>\n</tr>\n<tr align=""center"" bgcolor=""Snow"">\n<td width=""80px"">生产企业</td>\n<td style=""text-align: left;"">孟加拉珠峰制药Everest Pharmaceuticals Led.</td>\n</tr>\n<tr align=""center"" bgcolor=""Snow"">\n<td width=""80px"">规格</td>\n<td>（150mg）（56粒）</td>\n</tr>\n<tr align=""center"" bgcolor=""Snow"">\n<td width=""80px"">渠道专价</td>\n<td>859.2 美元</td>\n</tr>\n</tbody>\n</table>\n<span style=""color: red;"">风险提示：本品必须在有此类药物使用经验的医生指导下使用!</span>\n\n<span style=""color: red;"">购药提示：请根据处方或医嘱购买合理疗程的药品，如因过量购买而被海关罚没，本站不承担赔偿责任，概不退款。</span>","<strong>【适应症】</strong>\n\n盐酸阿来替尼胶囊（Alecnib）作为单药治疗成人间变性淋巴瘤激酶（ALK）阳性晚期非小细胞肺癌（NSCLC）的一线治疗。\n\n<strong>【用药参考】</strong>\n\n盐酸阿来替尼胶囊用于口服，硬胶囊应全部吞服，不得打开或溶解。\n\n盐酸阿来替尼胶囊（Alecnib）的推荐剂量为600mg（四个150mg胶囊），每日两次与食物一起服用（每日总剂量为1200mg）。\n\n潜在严重肝损害患者（Child-Pughc）应接受450mg的起始剂量，每天与食物一起服务两次（总日剂量为900mg）。\n\n盐酸阿来替尼胶囊（Alecnib）治疗应继续进行，直到疾病进展或不可接受的毒性。\n\n延时或错过剂量：\n\n如果计划剂量盐酸阿来替尼被错过，患者可以弥补该剂量，除非下一次剂量在6小时内到期。患者不应同时服用两剂以弥补漏服的剂量，如果服用一剂盐酸阿来替尼后发生呕吐，患者应在预定时间服用下一剂。\n\n剂量调整：\n\n不良事件的管理可能需要减少剂量，暂时中断或停止使用盐酸阿来替尼，根据耐受性，盐酸阿来替尼的剂量应减少150mg，每日两次，如果病人不能忍受每天两次的300mg，则应永久停止盐酸阿来替尼。\n\n<strong>【用药禁忌】</strong>\n\n已知对盐酸阿来替尼胶囊或任何辅料过敏的患者禁用。\n\n【警告和注意事项】\n\n肝脏毒性： 在治疗的前3个月内，每隔2周监测一次肝功能，之后每月监测一次，或按照临床提示，对出现转氨酶和胆红素升高的患者进行更频繁的检查。如果出现严重的谷丙转氨酶、谷草转氨酶或胆红素升高，应停止服用，然后减少剂量，或永久停药。\n\n间质性肺病（ILD）/肺炎：立即停药\n\n肾损害：对于严重的肾损害停药\n\n心动过缓：定期监测心率和血压。\n\n严重肌痛和肌酸磷酸激酶（CPK）升高：在治疗的第一个月内，每2周评估一次CPK，并对报告有不明原因肌肉疼痛、压痛或无力的患者进行评估。\n\n胚胎胎儿毒性：可造成胎儿伤害。\n\n特殊人群中的使用：服药时不要哺乳。\n\n<strong>【不良反应】</strong>\n\n最常见的药物不良反应（ADRs）（≥2%）为便秘（35%）、水肿（30%，包括周围水肿、水肿、全身水肿、眼睑水肿、眼眶周围水肿、面部水肿和局部水肿）和肌痛28%，包括肌痛和肌肉骨骼疼痛。间质性肺病。\n\n肺炎\n\n阿来替尼治疗后出现严重ILD/肺炎。在临床试验（NP28761、NP28673、B28984）中，405例 Alectinib（0.2%）患者中有1例志有三级ILD。这一事件导致 Alectinib退出治疗。在期临床试验B28984中，接受 Alectinib的患者未观察到3级或4级ILD肺炎，而接受克列佐替尼的患者为2.0在任何临床试验中都没有致命的ILD病例。应监测患者的肺部症状，提示肺炎。\n\n肝毒性\n\n在临床试验中（NP28761、NP28673、B028984），两例AST/ALT升高3-4级的患者通过肝活检记录了药物诱导的肝损伤。此外，一名患者经历了4级药物性肝损伤不良事件其中两个病例导致 Alectinib患者退出治疗。在临床试验（NP28761、NP28673、B28984）中， Alectinib治疗患者的AST和ALT水平升高的不良反应（分别为15%和14）。这些事件大多为1级和2级强度，级事件的报告分别为3.7%和3.7。这些事件通常发生在治疗的前3个月，通常是短暂的，并在阿莱替尼治疗的临时中断（分别报告1.5%和3.0%的患者）或剂量减少（分别为2.2%和1.2）时解决）。在1.2%和1.5%的患者中，AST和ALT升高分别导致 Alectinib治疗的退出。在期临床试验B028984中，5%的接受阿莱替尼的患者分别观察到3级或4级ALT或AST升高，而15%和11%的接受克列佐替尼的患者则观察到升高。\n\n在所有临床试验（NP28761、NP28673B028984）中，18%的患者报告了胆红素升高的不良反应）。大多数事件为1级和2级强\n\n度：3级事件报告在3.2%的患者。这些事件通常发生在治疗的前3个月，通常是短暂的，大多数是在剂量改变时解决的在\n\n5.2%的患者中，胆红素升高导致剂量改变，在1.5%的患者中，胆红素升高导致 Alectinib治疗的退出在期临床试验B28984中，3或4级胆红素升高发生在3.3%的接受Alectinib的患者中，而没有接受克列佐替尼的患者。\n\n同时升高的ALT或AST大于或等于三倍的ULN和总胆红素大于或等于两倍的ULN，具有正常的碱性磷酸酶，发生在一个病人（0.2%）治疗在阿莱替尼临床试验。\n\n应监测患者的肝功能，包括ALT、AST和总胆红素。\n\n心动过缓\n\n在 Alectinib治疗的患者中，在临床试验（NP28761、NP28673、B028984）中报告了1级或2级心动过缓的病例（8.9%没有患者发生≥3级严重程度的事件。阿莱替尼治疗365例患者中有66例（18%的剂量后心率值低于每分钟50次（m）在第三阶段的临床试验中，15%的阿莱替尼治疗的患者的剂量后心率值低于50bpm，而20%的患者使用克列佐替尼治疗出现症状性心动过缓的患者应予以管理。没有一例心动过缓导致退出 Alectinib治疗。\n\n严重肌痛和CPK升高\n\n在临床试验（NP28761、NP28673、B028984）中， Alect inib治疗的患者出现肌痛（28%），包括肌痛事件（22%）和肌肉骨骼疼痛（7.4）。大多数事件是1级或2级，三名患者（0.7%）有3级事件。由于这些不良事件， Alectinib治疗的剂量修饰只需要两名患者（0.5%）：由于这些肌痛事件， Alectinib治疗没有被撤回。在临床试验（NP28761、NP2873、B028984）中，有362例CPK实验室数据的患者中，43%发生PK升高CPK3级升高发生率为3.7%。到3级CPK高程的中位时间为14天（NP28761、NP28673、B028984）。在3.2%的患者中发生了CPK升高的剂量\n\n修饰：由于CPK升高， Alectinib治疗的退出没有发生。严重肌痛尚未在临床试验B28984中报道在关键的期临床试验BO28984（ALEX）中，2.6%的接受阿列替尼的患者和1.3%的接受克列佐替尼的患者报告CPK升高3级：到3级CPK升高的中位时间分别为27.5天和369天）\n\n胃肠作用\n\n便秘（35%）、恶心（19%）、腹泻（16%）和呕吐（11%是最常见的胃肠道反应。这些事件大多为轻度或中度严重：3级事件报告为腹泻（0.7%）、恶心（0.5%）和呕吐（0.2%）这些事件并没有导致 Alectinib治疗的退出。在临床试验（NP28761、NP28673、B028984）中，便秘、恶心、腹泻和/或呕吐事件的发病时间为21天。在治疗的第一个月后，这些事件的频率下降了。在III期临床试验B28984中，1例（0.2%患者在阿莱替尼手臂发生4级恶心事件，在克列佐替尼手臂发生3级和4级恶心、呕吐和腹泻事件分别为3.3%、3.3%和2.0。",,,taxable,,1,,,0,0,,,,,0,,,859.2,"肺癌药物, 肿瘤药物","淋巴, 肺",,https://idmac.org/wp-content/uploads/2021/03/阿来替尼100mg56粒0.jpg,,,,,,,,,0,规格,（150mg）（56粒）,1,0,default,,,,
2434,simple,HK1111004,"维奈托克/维奈克拉 | Venetoclax 孟加拉珠峰制药",1,1,visible,"<table border=""3"">\n<tbody>\n<tr align=""center"" bgcolor=""Snow"">\n<th style=""text-align: left;"" width=""80px"">品名</th>\n<th style=""text-align: left;"">维奈托克</th>\n</tr>\n<tr align=""center"" bgcolor=""Snow"">\n<td width=""80px"">适应症</td>\n<td style=""text-align: left;"">17p缺失慢性淋巴细胞性白血病（CLL）</td>\n</tr>\n<tr align=""center"" bgcolor=""Snow"">\n<td width=""80px"">生产企业</td>\n<td style=""text-align: left;"">孟加拉珠峰制药 Everest Pharmaceuticals Led.</td>\n</tr>\n<tr align=""center"" bgcolor=""Snow"">\n<td width=""80px"">规格</td>\n<td>（100mg）（ 60片）</td>\n</tr>\n<tr align=""center"" bgcolor=""Snow"">\n<td style=""text-align: left;"" width=""80px"">渠道专价</td>\n<td style=""text-align: left;"">1011.5 美元</td>\n</tr>\n</tbody>\n</table>\n<span style=""color: red;"">风险提示：本品必须在有此类药物使用经验的医生指导下使用!</span>\n\n<span style=""color: red;"">购药提示：请根据处方或医嘱购买合理疗程的药品，如因过量购买而被海关罚没，本站不承担赔偿责任，概不退款。</span>","维奈托克/Venetoclax是一种BCL-2抑制剂适用于通过FDA批准测试检测的有17p缺失慢性淋巴细胞性白血病（CLL）患者的治疗。\n\n【参考用量】\n\n●维奈托克20mg每天1次共7天初始治疗，接着通过一个每周递增给药时间表至推荐的每天剂量400mg。\n\n● 维奈托克片应跟食物和水一起口服每天1次。不要咀嚼，压碎或破坏片。\n\n● 对肿瘤溶积综合征进行预防。\n\n【用药禁忌】\n\n禁忌维奈托克与CYP3A的强抑制剂在初始和递增剂量阶段时同时使用。\n\n【不良反应】\n\n最常见不良反应（≥20%）包括：中性粒细胞减少、腹泻、恶心、贫血、上呼吸道感染、血小板减少和疲乏。\n\n【警告和注意事项】\n\n● 肿瘤溶解综合征（TLS）：预测TLS：在所有患者评估风险。用抗高尿酸血症药物预先给药和确保适当水化。当总体风险增加应用更强措施（静脉水化， 频繁监视，住院）。\n\n● 中性粒细胞减少：监测血细胞计数和感染的体征，按临床适当方式处置。\n\n● 疫接种：治疗前，维奈托克治疗期间，或后不要给予减毒活疫苗。\n\n● 胚胎-胎儿毒性：可能致胚胎-胎儿危害。忠告有生殖潜能的女性对胎儿潜在风险，并且治疗期间使用有效避孕。",,,taxable,,1,,,0,0,,,,,0,,,1011.5,"肿瘤药物 > 白血病, 肿瘤药物",血液,,https://idmac.org/wp-content/uploads/2021/03/维奈托克.jpg,,,,,,,,,0,规格,"（100mg）（ 120粒）",1,0,default,,,,
2469,simple,HK1111003,"索磷布韦维帕他韦（吉三代） |  Sofosbuvir+ Velpatasvir 孟加拉珠峰制药",1,1,visible,"<table border=""3"">\n<tbody>\n<tr align=""center"" bgcolor=""Snow"">\n<th style=""text-align: left;"" width=""80px"">品名</th>\n<th style=""text-align: left;"">索磷布韦维帕他韦片</th>\n</tr>\n<tr align=""center"" bgcolor=""Snow"">\n<td width=""80px"">适应症</td>\n<td style=""text-align: left;"">慢性丙肝患者（1-6型均适用）</td>\n</tr>\n<tr align=""center"" bgcolor=""Snow"">\n<td width=""80px"">生产企业</td>\n<td style=""text-align: left;"">孟加拉珠峰制药Everest Pharmaceuticals Led.</td>\n</tr>\n<tr align=""center"" bgcolor=""Snow"">\n<td width=""80px"">规格</td>\n<td>（400mg+100mg）（28片）</td>\n</tr>\n<tr align=""center"" bgcolor=""Snow"">\n<td style=""text-align: left;"" width=""80px"">渠道专价</td>\n<td style=""text-align: left;"">237.1 美元</td>\n</tr>\n</tbody>\n</table>\n<span style=""color: red;"">风险提示：本品必须在有此类药物使用经验的医生指导下使用!</span>\n\n<span style=""color: red;"">购药提示：请根据处方或医嘱购买合理疗程的药品，如因过量购买而被海关罚没，本站不承担赔偿责任，概不退款。</span>","<strong>【适应症】</strong>\n\n吉三代化学名：索非布韦+维帕他韦\n\n适合于慢性丙肝患者（1-6型均适用）；\n\n【<strong>用药方式】</strong>\n\n每天一粒（每粒药物含400mg索非布韦，100mg维帕他韦），口服。（注：对于严重肾功能损伤及终末期肾病患者无推荐剂量）\n\n<strong>【不良反应】</strong>\n\n常见副作用为头痛、乏力、皮疹、咽喉不适、恶心呕吐。\n\n<strong>【警告和注意事项】</strong>\n\n禁忌症：注意与胺碘酮联用会有心动过缓。使用胺碘酮的患者服用伊柯鲁沙可能会有严重的心动过缓，尤其是在同时服用倍他受体阻滞剂的患者。不建议服用胺碘酮患者使用伊柯鲁沙，如必须使用，需要心电监护。\n\n<strong>【药物相互作用】</strong>\n\n利福平、圣约翰草、卡马西平等药物会降低伊柯鲁沙血药浓度，不建议同时使用。",,,taxable,,1,,,0,0,,,,,0,,,237.1,肝病药物,肝,,https://idmac.org/wp-content/uploads/2021/03/吉三代SofosbuvirVelpatasvir-400mg100mg-28片0.jpg,,,,,,,,,0,规格,"（400mg+100mg） （28粒）",1,0,default,,,,
2487,simple,YD2222011,"恩扎卢胺/恩杂鲁胺 | Enzalutamide 印度贝塔制药",1,1,visible,"<table border=""3"">\n<tbody>\n<tr align=""center"" bgcolor=""Snow"">\n<th style=""text-align: left;"" width=""80px"">品名</th>\n<th style=""text-align: left;"">恩扎卢胺软胶囊</th>\n</tr>\n<tr align=""center"" bgcolor=""Snow"">\n<td width=""80px"">适应症</td>\n<td style=""text-align: left;"">前列腺癌</td>\n</tr>\n<tr align=""center"" bgcolor=""Snow"">\n<td width=""80px"">生产企业</td>\n<td style=""text-align: left;"">贝塔药业Beta Drugs Limited</td>\n</tr>\n<tr align=""center"" bgcolor=""Snow"">\n<td width=""80px"">规格</td>\n<td>（40mg）（28粒）</td>\n</tr>\n<tr align=""center"" bgcolor=""Snow"">\n<td style=""text-align: left;"" width=""80px"">渠道专价</td>\n<td style=""text-align: left;"">146.77 美元</td>\n</tr>\n</tbody>\n</table>\n<span style=""color: red;"">风险提示：本品必须在有此类药物使用经验的医生指导下使用!</span>\n\n<span style=""color: red;"">购药提示：请根据处方或医嘱购买合理疗程的药品，如因过量购买而被海关罚没，本站不承担赔偿责任，概不退款。</span>","【<strong>适应症】</strong>\n\n恩扎卢胺软胶囊Enzalutamide是一种雄性激素受体拮抗剂，可用于治疗晚期转移性或复发的去势抵抗性前列腺癌患者(castration-ressitant prostate cancer)，和已经扩散到身体其他部位、并且不再对降低睾丸激素用药或手术治疗作出反应的前列腺癌处方药，并可用于抗肿瘤药多西他赛治疗后的前列腺癌患者。\n\n【<strong>用药方式】</strong>\n\n前列腺癌的常规成人剂量为每天口服160mg（4*40mg胶囊），一日一次，一次四粒，每天在同一时间服用。恩扎卢胺可随餐服用，服用时不要将恩扎卢胺软胶囊弄碎或溶解，需要整颗吞服。前列腺癌的治疗有时需要联合其他药物，按照医生建议用药，不要私自更改用药剂量和药物安排。\n\n【<strong>不良反应】</strong>\n\n常见的恩扎卢胺副作用有头痛、眩晕、眩晕感、疲倦、血压升高麻木、灼痛或皮肤刺痛、发热、背痛，关节或肌肉疼痛、骨痛、手臂或腿部肿胀、食欲不振、体重减轻、腹泻、便秘感冒症状如鼻塞、打喷嚏、喉咙痛等。BDENZA 40MG胶囊药物的可能的副作用：\n\n如果您有以下任何迹象或症状，请立即告诉医生或立即就医：\n\n过敏反应的迹象喘息；胸部或喉咙紧张;呼吸困难或说话；不寻常的嘶哑；或嘴巴，脸部，嘴唇，舌头或喉咙肿胀；高血压的迹象非常不好头痛或眩晕，出眼或视力改变；血液中的尿液，癫痫发作，肿胀在胳膊或腿部，骨骼疼痛，记忆障碍或损失。\n\n这不是可能发生的所有副作用的完整列表。如果您对副作用有疑问，请联系您的医护人员。打电话给您的医生，征求有关副作用的医疗建议。\n\n<strong>【警告和注意事项】</strong>\n\n恩扎卢胺软可能会让患者头昏眼花，并且可能导致癫痫发作或突然变得无意识，也可能引起严重眩晕或跌倒。如果患者开车或做任何事情时，都需要警惕这种情况发生。恩杂鲁胺会进入患者体液中（尿液，粪便，呕吐物）。护理人员在清理患者的体液，处理污染的垃圾或洗衣物或更换尿布时，应戴橡胶手套。清理之前和之后要洗手。脏衣服和床单与其他衣物要分开洗涤。服用恩扎拉肽之前，告诉医生您是否过敏。在使用这种药物之前，告诉医生你的病史。由于这种药物很少会引起某些人的癫痫发作，请问您的医生是否应避免突然意识丧失可能对您或其他人造成严重伤害的活动。怀孕期间不得使用恩扎洛胺。它可能伤害未出生的婴儿。",,,taxable,,1,,,0,0,,,,,0,,,146.77,"肿瘤药物 > 前列腺癌, 肿瘤药物",前列腺,,https://idmac.org/wp-content/uploads/2021/03/恩杂鲁胺Enzalutamide-40mg-112粒_.jpg,,,,,,,,,0,规格,（40mg）（28粒）,1,0,default,,,,
2946,variation,,"来那度胺 | Lenalidomide 印度贝塔制药 - （25mg）（ 10粒）",1,0,visible,,,,,taxable,parent,1,,,0,0,,,,,0,,,64.62,,,,,,,YD2222012,,,,,,1,规格,"（25mg）（ 10粒）",,0,,,,,
2947,variation,,"来那度胺 | Lenalidomide 印度贝塔制药 - （10mg） （10粒）",1,0,visible,,,,,taxable,parent,1,,,0,0,,,,,0,,,32.31,,,,,,,YD2222012,,,,,,2,规格,"（10mg） （10粒）",,0,,,,,
2956,simple,YD1111005,"伊布替尼/伊鲁替尼 | Ibrutinib 孟加拉珠峰制药",1,1,visible,"<table border=""3"">\n<tbody>\n<tr align=""center"" bgcolor=""Snow"">\n<th style=""text-align: left;"" width=""80px"">品名</th>\n<th style=""text-align: left;"">伊布替尼胶囊</th>\n</tr>\n<tr align=""center"" bgcolor=""Snow"">\n<td width=""80px"">适应症</td>\n<td style=""text-align: left;"">慢性淋巴细胞白血病</td>\n</tr>\n<tr align=""center"" bgcolor=""Snow"">\n<td width=""80px"">生产企业</td>\n<td style=""text-align: left;"">孟加拉珠峰制药Everest Pharmaceuticals Led.</td>\n</tr>\n<tr align=""center"" bgcolor=""Snow"">\n<td width=""80px"">规格</td>\n<td>（140mg）（120粒）</td>\n</tr>\n<tr align=""center"" bgcolor=""Snow"">\n<td style=""text-align: left;"" width=""80px"">渠道专价</td>\n<td style=""text-align: left;"">    885.06  美元</td>\n</tr>\n</tbody>\n</table>\n<span style=""color: red;"">风险提示：本品必须在有此类药物使用经验的医生指导下使用!</span>\n\n<span style=""color: red;"">购药提示：请根据处方或医嘱购买合理疗程的药品，如因过量购买而被海关罚没，本站不承担赔偿责任，概不退款。</span>","<strong>【适应症】</strong>\n\n慢性淋巴细胞白血病\n\n伊布替尼是一种激酶抑制剂，用于治疗成人患者：\n\n•至少接受过一次治疗的套细胞淋巴瘤（MCL）\n\n•慢性淋巴细胞白血病（CLL）/小淋巴细胞淋巴瘤（SLL）\n\n•慢性淋巴细胞白血病（CLL）/小淋巴细胞淋巴瘤（SLL），伴随17P缺失。\n\n•Waldenström’s巨球蛋白血症（WM）。\n\n•需要全身治疗并且至少接受过一次抗CD20治疗的边缘区淋巴瘤（MZL）。\n\n•一线或多线系统疗法失败后的慢性移植物抗宿主病（cGVHD）\n\n<strong>【用药方式】</strong>\n\nMCL和MZL：560mg，每天一次，口服\n\nCLL/SLL，WM和cGVHD： 420mg，每天一次，口服\n\n应用一杯水口服，不要打开、打破或咀嚼胶囊，不要切割、压碎或咀嚼药片。\n\n<strong>【不良反应】</strong>\n\n对于B细胞恶性肿瘤（MCL、CLL/SLL、WM和MZL）患者最常见的不良反应（≥20%）为中性粒细胞减少、血小板减少、腹泻、贫血、肌肉骨骼疼痛、皮疹、恶心、瘀伤、疲劳、出血和发热；\n\ncGVHD患者最常见的不良反应（≥20%）是疲劳、瘀伤、腹泻、血小板减少、肌肉痉挛、口炎、恶心、出血、贫血和肺炎。\n\n<strong>【警告和注意事项】</strong>\n\n出血：监测出血并处理。\n\n•感染：监测患者是否发烧和感染，及时评估，治疗。\n\n•细胞减少：每月检查一次完整的血液计数。\n\n•心律失常：监测心律失常症状并进行处理。\n\n•高血压：监测血压并治疗。\n\n•第二原发性恶性肿瘤：其他恶性肿瘤发生于，包括皮肤癌和其他癌。\n\n•肿瘤溶解综合征（TLS）：评估基线风险并采取预防措施。监测和治疗TLS。\n\n•胚胎胎儿毒性：可导致胎儿伤害。在服药期间和停止治疗后1个月内，告知妇女胎儿的潜在风险，并避免怀孕。\n\n&nbsp;\n\n药物的相互作用：\n\nCYP3A抑制剂：建议调整剂量\n\nCYP3A诱导剂：避免与强CYP3A诱导剂共同使用。\n\n&nbsp;\n\n特殊人群中的使用：\n\n肝功能损害（基于Child-Pugh标准）：避免在严重肝功能损害的患者中使用依鲁替尼。对于轻度或中度损伤的患者，减少依鲁替尼剂量。",,,taxable,,1,,,0,0,,,,,0,,,885.06,"肿瘤药物 > 淋巴瘤, 肿瘤药物 > 白血病, 肿瘤药物",血液,,https://idmac.org/wp-content/uploads/2021/03/依鲁替尼0.jpg,,,,,,,,,0,规格,（140mg）（120粒）,1,0,default,,,,
4881,simple,HK6666001,"犀力戈果冻（伟哥） |  Hornygra 印度泰姬集团制药",1,1,visible,"<table border=""3"">\n<tbody>\n<tr align=""center"" bgcolor=""Snow"">\n<th style=""text-align: left;"" width=""80px"">品名</th>\n<th style=""text-align: left;"">犀力戈口服果冻</th>\n</tr>\n<tr align=""center"" bgcolor=""Snow"">\n<td width=""80px"">适应症</td>\n<td style=""text-align: left;"">性功能障碍</td>\n</tr>\n<tr align=""center"" bgcolor=""Snow"">\n<td width=""80px"">生产企业</td>\n<td style=""text-align: left;"">印度泰姬集团</td>\n</tr>\n<tr align=""center"" bgcolor=""Snow"">\n<td width=""80px"">规格</td>\n<td>（7包/盒）（1包/5g）</td>\n</tr>\n<tr align=""center"" bgcolor=""Snow"">\n<td style=""text-align: left;"" width=""80px"">渠道专价</td>\n<td style=""text-align: left;""> 61.5 美元</td>\n</tr>\n</tbody>\n</table>\n<span style=""color: red;"">风险提示：本品必须在有此类药物使用经验的医生指导下使用!</span>\n\n<span style=""color: red;"">购药提示：请根据处方或医嘱购买合理疗程的药品，如因过量购买而被海关罚没，本站不承担赔偿责任，概不退款。</span>","<strong>【适用人群】</strong>\n\n1、性功能障碍；2、阳痿早泄；3、性功能减退。\n\n<strong>【用法用量】</strong>\n\n推荐剂量不超过一片，在性活动前约15-25分钟服用。服用犀力戈果冻有效时间为4-6小时，效果最明显在45分钟后。服用后请喝300ml-500ml的水，并且避免大量用餐或吃脂肪餐。避免饮酒，酒精会降低产品效果。（安全提示：口服果冻在24小时内剂量不超过100mg。）\n\n<strong>【产品功效】</strong>\n1、滋阴补阳，快速提升生殖能力；\n2、久战不泄，拥有就成为久战不泄的男神；\n3、不伤身，不麻木，没有依赖性，幸福时间掌控，想延就延，节奏随心控；\n4、游刃自如，不伤身，性福完精神百倍无乏力感。\n\n<strong>【不良反应】</strong>\n面部发红、轻微头痛鼻塞、眼睛干燥、轻度恶心、轻微的视力模糊，出现以上情况并不危险，可通过增加水的摄入量缓解症状。一般不需要停止服用。\n\n如有疑问，可以咨询您的医生或药剂师。\n<strong>【注意事项】</strong>\n在服用犀力戈果冻时不能服用以下药物：\n西沙必利、硝酸甲基东莨菪碱、硝酸盐如亚硝酸异戊酯、硝酸异山梨酯、单硝酸异山梨酯、硝酸甘油、伊曲康唑、酮康唑、氟康唑、伏立康唑、西咪替丁、红霉素、利福平。\n\n用于治疗高血压药物、器官捐献者的抗排斥类药物、治疗艾滋病毒感染或艾滋病的药物、真菌或酵母菌感染类药物。",,,taxable,,1,,,0,0,,,,,0,,,61.5,其他药物,伟哥,,"https://idmac.org/wp-content/uploads/2021/04/犀力戈01.jpg, https://idmac.org/wp-content/uploads/2021/04/犀力戈02.jpg, https://idmac.org/wp-content/uploads/2021/04/犀力戈03.jpg",,,,,,,,,0,规格,（7包/盒）（1包/5g）,1,0,default,,,,
6767,variation,,"阿来替尼/艾乐替尼 | Alecitinib  孟加拉珠峰制药",1,0,visible,,,,,taxable,parent,1,,,0,0,,,,,0,,,,,,,,,,HK1111002,,,,,,0,规格,,,0,,,,,
6768,variation,,"阿来替尼/艾乐替尼 | Alecitinib  孟加拉珠峰制药",1,0,visible,,,,,taxable,parent,1,,,0,0,,,,,0,,,,,,,,,,HK1111002,,,,,,0,规格,,,0,,,,,
8418,variable,,"卡博替尼 | Cabozantinib 孟加拉珠峰制药",1,1,visible,"<table border=""3"">\n<tbody>\n<tr align=""center"" bgcolor=""Snow"">\n<th style=""text-align: left"" width=""80px"">品名</th>\n<th style=""text-align: left"">卡博替尼</th>\n</tr>\n<tr align=""center"" bgcolor=""Snow"">\n<td width=""80px"">适应症</td>\n<td style=""text-align: left"">肝细胞癌、肾细胞癌、甲状腺癌、前列腺癌</td>\n</tr>\n<tr align=""center"" bgcolor=""Snow"">\n<td width=""80px"">生产企业</td>\n<td>孟加拉珠峰制药 Everest Pharmaceuticals Led.</td>\n</tr>\n<tr align=""center"" bgcolor=""Snow"">\n<td width=""80px"">规格1</td>\n<td>（80mg）（30粒） 1063.2美元</td>\n</tr>\n<tr align=""center"" bgcolor=""Snow"">\n<td width=""80px"">规格2</td>\n<td>（20mg）（90粒） 1178.16美元</td>\n</tr>\n</tbody>\n</table>\n<span style=""color: red"">风险提示：本品必须在有此类药物使用经验的医生指导下使用!</span>\n\n<span style=""color: red"">购药提示：请根据处方或医嘱购买合理疗程的药品，如因过量购买而被海关罚没，本站不承担赔偿责任，概不退款。</span>","<strong>【药品简介】</strong>\n\n卡博替尼（Cabozantinib）是一个多靶点的广谱抗癌药，能抑制的靶点包括：MET、VEGFR1/2/3、ROS1、RET、AXL、NTRK、KIT等至少9个。\n\n目前，卡博替尼已经在肾癌、甲状腺癌、肝癌、软组织肉瘤、非小细胞肺癌、前列腺癌、乳腺癌、卵巢癌、肠癌等多种实体瘤中，证实了较好的治疗效果，对于骨转移的控制效果尤其突出。因其对于多种癌症的广泛有效性，卡博替尼被称为靶向药中的“万金油”，具有广谱抗癌能力。\n\n<strong>【适应症】</strong>\n\n卡博替尼的适应症广泛，主要包括：\n\n（1）适用于曾接受抗血管生成治疗的晚期肾癌；\n\n（2）适用于无法采用手术摘除的髓样甲状腺癌；\n\n（3）适用于使用多吉美耐药后的肝癌患者；\n\n（4）适用于发生骨转移的晚期前列腺癌患者。\n\n<strong>【参考用法】</strong>\n\n用法与用量:\n\n（1）推荐剂量为每日140mg（1粒80mg胶囊和3粒20mg胶囊）；\n\n（2）不可与食物一起食用；\n\n（3）服用药物前和至少一小时后共至少2小时不要进食；\n\n（4）对不良反应，可考虑减低剂量或治疗中断。\n\n<strong>【不良反应】</strong>\n\n腹泻、恶心、呕吐、便秘、口腔溃疡、鼻出血、食欲下降等。",,,taxable,,1,,,0,0,,,,,0,,,,"肿瘤药物 > 前列腺癌, 肿瘤药物 > 甲状腺癌, 肿瘤药物 > 肝癌, 肿瘤药物 > 肾癌, 肿瘤药物",,,"https://idmac.org/wp-content/uploads/2021/06/卡博替尼80mg30粒.jpg, https://idmac.org/wp-content/uploads/2021/06/卡博替尼20mg90粒-1.jpg",,,,,,,,,0,规格,"（80mg）（30粒）, （20mg）（90粒）",1,0,default,,,,2021-06-29
8419,variation,,"卡博替尼 | Cabozantinib 孟加拉珠峰制药 - （80mg）（30粒）",1,0,visible,,,,,taxable,parent,1,,,0,0,,,,,0,,,1063.2,,,,,,,id:8418,,,,,,1,规格,（80mg）（30粒）,,0,,,,,
8420,variation,,"卡博替尼 | Cabozantinib 孟加拉珠峰制药 - （20mg）（90粒）",1,0,visible,,,,,taxable,parent,1,,,0,0,,,,,0,,,1178.1,,,,,,,id:8418,,,,,,2,规格,（20mg）（90粒）,,0,,,,,
8421,simple,,"奥拉帕尼/奥拉帕利 | Olaparib 孟加拉珠峰制药",1,1,visible,"<table border=""3"">\n<tbody>\n<tr align=""center"" bgcolor=""Snow"">\n<th style=""text-align: left;"" width=""80px"">品名</th>\n<th style=""text-align: left;"">奥拉帕尼</th>\n</tr>\n<tr align=""center"" bgcolor=""Snow"">\n<td width=""80px"">适应症</td>\n<td style=""text-align: left;"">卵巢癌</td>\n</tr>\n<tr align=""center"" bgcolor=""Snow"">\n<td width=""80px"">生产企业</td>\n<td>孟加拉珠峰制药 Everest Pharmaceuticals Led.</td>\n</tr>\n<tr align=""center"" bgcolor=""Snow"">\n<td width=""80px"">规格</td>\n<td>（50mg）（112粒） 800美元</td>\n</tr>\n</tbody>\n</table>\n<span style=""color: red;"">风险提示：本品必须在有此类药物使用经验的医生指导下使用!</span>\n\n<span style=""color: red;"">购药提示：请根据处方或医嘱购买合理疗程的药品，如因过量购买而被海关罚没，本站不承担赔偿责任，概不退款。</span>","<strong>【药品简介】</strong>\n\n奥拉帕尼本品主要成分, 是一种聚腺苷5’-二磷酸核糖聚合酶(PARP)的抑制剂。\n\n<strong>【适应症】</strong>\n\n1. 适用于复发卵巢癌的维持治疗。奥拉帕尼适用于复发性上皮性卵巢癌，输卵管或原发性腹膜癌的成年患者的维持治疗，他们对铂类化疗完全或部分反应。\n2. 适用于晚期的gBRCA突变的卵巢癌，在经过3次以上的化疗方案后奥拉帕尼被用于治疗已经用三个或三个以上的化疗方案后，有害或疑似有害的BRCA突变（gBRCAm）的晚期卵巢癌的成年患者。\n\n<strong>【用药参考】</strong>\n\n1.推荐剂量是400 mg每天2次。\n2.治疗直至疾病进展或不能接受的毒性。\n3.对不良反应，考虑中断治疗或减低剂量。\n\n<strong>【不良反应】</strong>\n\n1.在临床试验中最常见不良反应(≥20%)是贫血，恶心，疲乏(包括乏力)，呕吐，腹泻，味觉障碍，消化不良，头痛，食欲减退，鼻咽炎/咽炎/URI，咳嗽，关节痛/肌肉骨骼痛，肌痛，背痛，皮炎/皮疹和腹痛/不适。\n2.最常见实验室异常(≥25%)是肌酐增加，红细胞均数体积升高，血红蛋白减低，淋巴细胞减低，绝对中性粒细胞计数减低，和血小板减低。",,,taxable,,1,,,0,0,,,,,0,,,800,"肿瘤药物 > 卵巢癌, 肿瘤药物",,,https://idmac.org/wp-content/uploads/2021/06/奥拉帕尼50mg112粒.jpg,,,,,,,,,0,规格,（50mg）（112粒）,1,0,default,,,,2021-06-29
8969,variable,,"艾曲波帕/艾曲泊帕 | Eltrombopag 孟加拉碧康制药",1,1,visible,"<table border=""3"">\n<tbody>\n<tr align=""center"" bgcolor=""Snow"">\n<th style=""text-align: left;"" width=""80px"">品名</th>\n<th style=""text-align: left;"">艾曲波帕</th>\n</tr>\n<tr align=""center"" bgcolor=""Snow"">\n<td width=""80px"">适应症</td>\n<td style=""text-align: left;"">慢性免疫性血小板减少性紫癜</td>\n</tr>\n<tr align=""center"" bgcolor=""Snow"">\n<td width=""80px"">生产企业</td>\n<td>碧康制药 Beacon Pharma.</td>\n</tr>\n<tr align=""center"" bgcolor=""Snow"">\n<td width=""80px"">规格一</td>\n<td>（25mg）（28片） 283美元</td>\n</tr>\n<tr align=""center"" bgcolor=""Snow"">\n<td width=""80px"">规格二</td>\n<td>（50mg）（28片） 460美元</td>\n</tr>\n</tbody>\n</table>\n<span style=""color: red;"">风险提示：本品必须在有此类药物使用经验的医生指导下使用!</span>\n\n<span style=""color: red;"">购药提示：请根据处方或医嘱购买合理疗程的药品，如因过量购买而被海关罚没，本站不承担赔偿责任，概不退款。</span>","<strong>【药品简介】</strong>\n\n艾曲波帕由英国葛兰素史克公司研发并于2008年11月获得美国FDA批准在美国上市。艾曲波帕是一种促血小板生成素受体激动剂适用于治疗慢性免疫性血小板减少性紫癜患者的血小板减少，对皮质激素、免疫球蛋白或脾切除反应不佳的患者。艾曲波帕只应用于有ITP其血小板减少程度和临床情况增加出血风险的患者，不应用于意向正常血小板计数正常化。\n\n目前，艾曲波帕已获全球100多个国家批准，用于慢性免疫（特发性）血小板减少性紫癜（ITP）患者血小板减少症的治疗，同时已获43个国家批准用于慢性丙型肝炎（CHC）患者血小板减少症的治疗，以便启动并维持以干扰素为基础的肝病标准疗法。\n\n碧康制药生产的Elbonix是该药在全球的首仿药，也是迄今为止唯一获得政府监管机构批准合法生产的仿制药。\n\n<strong>【适应症】</strong>\n\n艾曲波帕是一种促血小板生成素受体激动剂适用于治疗慢性免疫性血小板减少性紫癜患者的血小板减少，对皮质激素、免疫球蛋白或脾切除反应不佳的患者。\n\n艾曲波帕只应用于有ITP其血小板减少程度和临床情况增加出血风险的患者，不应用于意向正常血小板计数正常化。\n\n艾曲波帕还可用于慢性丙型肝炎（CHC）患者血小板减少症的治疗，以便启动并维持以干扰素为基础的肝病标准疗法。\n\n<strong>【用法用量】</strong>\n\n艾曲波帕的起始剂量是50 mg每天1次；对东方人患者或中度或严重肝功能不全患者，起始剂量为25 mg每天1次，空胃给药（餐前1小时或2小时）。\n\n艾曲波帕和其它药物、食物或多价阳离子（如，铁、钙、铝、镁、硒和锌）添加剂间允许间隔4小时。为减低出血风险调整每天剂量至达到和维持血小板计数≥50 X 109/L。每天剂量不要超过75 mg。\n\n服用两周，以两周为周期加量至最大剂量每天150mg。主要终点是血液反应，12周之后进行初次评估。如果16周之后没有观察到血液反应就停止治疗。",,,taxable,,1,,,0,0,,,,,0,,,,肿瘤药物,,,"https://idmac.org/wp-content/uploads/2021/08/艾曲波帕2.jpg, https://idmac.org/wp-content/uploads/2021/08/艾曲波帕1.jpg",,,,,,,,,0,规格,"（25mg）（28粒）, （50mg）（28粒）",1,0,default,,,,
8970,variation,,"艾曲波帕/艾曲泊帕 | Eltrombopag 孟加拉碧康制药 - （25mg）（28粒）",1,0,visible,,,,,taxable,parent,1,,,0,0,,,,,0,,,283,,,,,,,id:8969,,,,,,1,规格,（25mg）（28粒）,,0,,,,,
8971,variation,,"艾曲波帕/艾曲泊帕 | Eltrombopag 孟加拉碧康制药 - （50mg）（28粒）",1,0,visible,,,,,taxable,parent,1,,,0,0,,,,,0,,,460,,,,,,,id:8969,,,,,,2,规格,（50mg）（28粒）,,0,,,,,
